Scenario,Files,Attributes,Data Size (Bytes),Policy,Setup Time (ms),Keygen Time (ms),Encrypt Time (ms),Decrypt Time (ms),MPK Size (Bytes),MSK Size (Bytes),SK Size (Bytes),CT Size (Bytes),Success Rate (%)
Files_1_Attrs_2_Size_10240,1,2,10240,L1: (attr1@AUTH1 AND attr2@AUTH2),2.8852224349975586,2.6258230209350586,441.94841384887695,444.51451301574707,768,120,360,28349,100.0
Files_1_Attrs_2_Size_51200,1,2,51200,L1: (attr1@AUTH1 AND attr2@AUTH2),2.5894641876220703,3.0221939086914062,2247.051954269409,2170.5548763275146,768,120,360,141629,100.0
Files_1_Attrs_2_Size_102400,1,2,102400,L1: (attr1@AUTH1 AND attr2@AUTH2),2.655148506164551,2.396702766418457,4069.0226554870605,4178.465843200684,768,120,360,283229,100.0
Files_1_Attrs_2_Size_512000,1,2,512000,L1: (attr1@AUTH1 AND attr2@AUTH2),2.4449825286865234,2.602100372314453,20344.57516670227,20720.084190368652,768,120,360,1416029,100.0
Files_1_Attrs_2_Size_1048576,1,2,1048576,L1: (attr1@AUTH1 AND attr2@AUTH2),3.609180450439453,2.7321577072143555,41696.322202682495,42685.96839904785,768,120,360,2899997,100.0
