Scenario,Files,Chunks,Attributes,Data Size (Bytes),Policy,Setup Time (ms),Keygen Time (ms),Encrypt Time (ms),Decrypt Time (ms),MPK Size (Bytes),MSK Size (Bytes),SK Size (Bytes),CT Size (Bytes),Success Rate (%)
Fixed_File_1_Attrs_2_Size_10240,1,80,2,10240,L1: (attr1 AND attr2),0.9510517120361328,8.496522903442383,283.2047939300537,362.4382019042969,384,60,540,79520,100.0
Fixed_File_1_Attrs_2_Size_51200,1,400,2,51200,L1: (attr1 AND attr2),1.2497901916503906,6.986141204833984,1515.1817798614502,1883.1052780151367,384,60,540,397600,100.0
Fixed_File_1_Attrs_2_Size_102400,1,800,2,102400,L1: (attr1 AND attr2),1.39617919921875,8.151531219482422,3038.698673248291,3681.5474033355713,384,60,540,795200,100.0
Fixed_File_1_Attrs_2_Size_512000,1,4000,2,512000,L1: (attr1 AND attr2),1.0106563568115234,7.603168487548828,13901.133298873901,17831.73704147339,384,60,540,3976000,100.0
Fixed_File_1_Attrs_2_Size_1048576,1,8192,2,1048576,L1: (attr1 AND attr2),1.1167526245117188,6.781339645385742,29237.10346221924,37994.16756629944,384,60,540,8142848,100.0
